contrast,metric,estimate,ci95_low,ci95_high,bootstrap_replicates,seed,cluster_unit
system_warning_minus_no_warning,TC,0.08333333333333334,0.0,0.16666666666666669,10000,20260807,task_id
system_warning_minus_no_warning,S,0.16666666666666669,0.02777777777777779,0.3333333333333333,10000,20260807,task_id
system_warning_minus_no_warning,C,-0.11111111111111105,-0.2222222222222222,0.0,10000,20260807,task_id
ui_warning_minus_no_warning,TC,0.08333333333333334,-0.08333333333333334,0.3055555555555555,10000,20260807,task_id
ui_warning_minus_no_warning,S,0.16666666666666669,0.0,0.3888888888888889,10000,20260807,task_id
ui_warning_minus_no_warning,C,-0.16666666666666663,-0.3055555555555556,-0.05555555555555558,10000,20260807,task_id
ui_warning_minus_system_warning,TC,0.0,-0.16666666666666669,0.16666666666666669,10000,20260807,task_id
ui_warning_minus_system_warning,S,0.0,-0.22222222222222227,0.19444444444444448,10000,20260807,task_id
ui_warning_minus_system_warning,C,-0.05555555555555558,-0.22222222222222232,0.11111111111111105,10000,20260807,task_id
