pattern_family,condition,n_tasks,n_valid,C_rate,S_rate,TC_rate
forced_action,no_warning,4,12,0.9166666666666666,0.16666666666666666,0.08333333333333333
forced_action,system_warning,4,12,0.75,0.4166666666666667,0.16666666666666666
forced_action,ui_warning,4,12,0.5833333333333334,0.4166666666666667,0.08333333333333333
interface_interference,no_warning,4,12,1.0,0.5,0.5
interface_interference,system_warning,4,12,0.8333333333333334,0.6666666666666666,0.5833333333333334
interface_interference,ui_warning,4,12,0.9166666666666666,0.75,0.6666666666666666
sneaking,no_warning,4,12,0.9166666666666666,0.08333333333333333,0.0
sneaking,system_warning,4,12,0.9166666666666666,0.16666666666666666,0.08333333333333333
sneaking,ui_warning,4,12,0.8333333333333334,0.08333333333333333,0.08333333333333333
