repeat_id,condition,n_valid,C_rate,S_rate,TC_rate
1,no_warning,12,0.8333333333333334,0.3333333333333333,0.16666666666666666
1,system_warning,12,0.8333333333333334,0.4166666666666667,0.25
1,ui_warning,12,0.6666666666666666,0.5833333333333334,0.3333333333333333
2,no_warning,12,1.0,0.25,0.25
2,system_warning,12,0.8333333333333334,0.3333333333333333,0.25
2,ui_warning,12,0.8333333333333334,0.25,0.25
3,no_warning,12,1.0,0.16666666666666666,0.16666666666666666
3,system_warning,12,0.8333333333333334,0.5,0.3333333333333333
3,ui_warning,12,0.8333333333333334,0.4166666666666667,0.25
